City,State,Name,Address,Place ID,Map Link,Match Types
Acapulco de Juárez,Guerrero,Hong Xing comida china中国歺厅,"Francisco Javier Mina 9, El Parazal, 39300 Acapulco de Juárez, Gro.",ChIJJdM1uIb3yoURJn2BwNODi98,https://www.google.com/maps/place/?q=place_id:ChIJJdM1uIb3yoURJn2BwNODi98,han
Aguascalientes,Aguascalientes,Comida Sabrosa 美味,"AV Ojocaliente, Av. Alameda 159A, Ojocaliente, 20196 Aguascalientes, Ags.",ChIJPc9AeIDvKYQRvkw99TMm8_g,https://www.google.com/maps/place/?q=place_id:ChIJPc9AeIDvKYQRvkw99TMm8_g,han
Aguascalientes,Aguascalientes,KABUKI 麺やカブキ,"Adolfo López Mateos 205, Trojes de Alonso, 20908 Aguascalientes, Ags.",ChIJU9J2g_ftKYQR69dNlVCqPQI,https://www.google.com/maps/place/?q=place_id:ChIJU9J2g_ftKYQR69dNlVCqPQI,han
Aguascalientes,Aguascalientes,Peking kitchen,"Av. Aguascalientes Nte 1603, Plaza Merlot, 20157 Aguascalientes, Ags.",ChIJnSzu6HPvKYQRDHVY9GeR8pY,https://www.google.com/maps/place/?q=place_id:ChIJnSzu6HPvKYQRDHVY9GeR8pY,pinyin
Aguascalientes,Aguascalientes,邹陪左3店Mall china,"58, Av. Universidad, del Prado Nte, 20127 Aguascalientes, Ags.",ChIJXTagIgDvKYQRe-dDaztzdqc,https://www.google.com/maps/place/?q=place_id:ChIJXTagIgDvKYQRe-dDaztzdqc,han
Cadereyta Jiménez,Nuevo León,Zhōngcān 中餐,"Josefa Ortiz de Domínguez 203, Sin Nombre de Col 1, 67480 Cadereyta Jiménez, N.L.",ChIJ50t6vWnbYoYRVriFZgdNfo0,https://www.google.com/maps/place/?q=place_id:ChIJ50t6vWnbYoYRVriFZgdNfo0,han
Cancún,Quintana Roo,ASIAN FOOD 多米餐厅 DOMI RESTAURANTE,"Kilómetro 3.5 Zona Hotelera Local 4A y 4B, Lote D, Manzana 30 7-9, Kukulcan Boulevard, Zona Hotelera, 77500 Cancún, Q.R.",ChIJ3UL-2ucpTI8RbQTGnVB7_HU,https://www.google.com/maps/place/?q=place_id:ChIJ3UL-2ucpTI8RbQTGnVB7_HU,han
Cancún,Quintana Roo,BEIJING,"Plaza la Luna, Av. la Luna LT1-MZ1, 77533 Cancún, Q.R.",ChIJu1UDfaErTI8RDuQJv2gK5gc,https://www.google.com/maps/place/?q=place_id:ChIJu1UDfaErTI8RDuQJv2gK5gc,pinyin
Cancún,Quintana Roo,Beijing express,"Av. José López Portillo 4, 77518 Cancún, Q.R.",ChIJQ32lWGQrTI8RzqtZ5_LTogM,https://www.google.com/maps/place/?q=place_id:ChIJQ32lWGQrTI8RzqtZ5_LTogM,pinyin
Cancún,Quintana Roo,Hong Kong Express,"Smza.228 mza.22 lote 1 local G-9 centro comercial plaza las Américas II, Supermanzana 228, 77516 Cancún, Q.R.",ChIJN7UKcmgsTI8R9hoy2eVzPbg,https://www.google.com/maps/place/?q=place_id:ChIJN7UKcmgsTI8R9hoy2eVzPbg,pinyin
Cancún,Quintana Roo,Hong Kong Express 510,"Av México Mza 35-Lt 8, Jacinto Pat, 77535 Cancún, Q.R.",ChIJ5xmbJKArTI8ReA07JhStxlQ,https://www.google.com/maps/place/?q=place_id:ChIJ5xmbJKArTI8ReA07JhStxlQ,pinyin
Cancún,Quintana Roo,Hong Kong Express López,"Av. José López Portillo 01-Loc. G, H and J, Villas Carobin, 77538 Cancún, Q.R.",ChIJe9ZWHWYrTI8RwwvCiP9RigI,https://www.google.com/maps/place/?q=place_id:ChIJe9ZWHWYrTI8RwwvCiP9RigI,pinyin
Cancún,Quintana Roo,Hong Kong Restaurant,"Av. Xcaret Mz. 2 Lt. 6, Supermanzana 35, SM. 35, 77500 Cancún, Q.R.",ChIJCUbAonqv14ARD8kapb9XMNs,https://www.google.com/maps/place/?q=place_id:ChIJCUbAonqv14ARD8kapb9XMNs,pinyin
Cancún,Quintana Roo,柚柚派華人旅遊地接,"Av. la Luna 21, 77506 Cancún, Q.R.",ChIJMbQNBkkrTI8RyC2nT3GBpjk,https://www.google.com/maps/place/?q=place_id:ChIJMbQNBkkrTI8RyC2nT3GBpjk,han
Chetumal,Quintana Roo,El Junco de Hong Kong,"Av Reforma 21, Plutarco Elías Calles, 77000 Chetumal, Q.R.",ChIJwwM-qnOjW48RjP_dkH1uO_U,https://www.google.com/maps/place/?q=place_id:ChIJwwM-qnOjW48RjP_dkH1uO_U,pinyin
Chihuahua,Chihuahua,Comida China Buffet Chang Sheng ( 中国餐厅）,"Av. Tecnológico 7313, Unidad Vallarta, Tecnológico, 31120 Chihuahua, Chih.",ChIJe3ETifRD6oYR1C_Gyh2Znuk,https://www.google.com/maps/place/?q=place_id:ChIJe3ETifRD6oYR1C_Gyh2Znuk,han
Chihuahua,Chihuahua,LANZHOU RESTAURANT,"Avenida Universidad 3507, Universidad, 31203 Chihuahua, Chih.",ChIJscHbQBFD6oYRJw8XGcQsmmQ,https://www.google.com/maps/place/?q=place_id:ChIJscHbQBFD6oYRJw8XGcQsmmQ,pinyin
Chilpancingo de los Bravo,Guerrero,Shi Wei Xian,"Lic. René Juárez Cisneros 130-207, Fraccionamiento Villas Vicente Guerrero, 39010 Chilpancingo de los Bravo, Gro.",ChIJP72GYZbry4URJHKwqtUglHk,https://www.google.com/maps/place/?q=place_id:ChIJP72GYZbry4URJHKwqtUglHk,pinyin
Ciudad Apodaca,Nuevo León,宜宾燃面,"Nuevo León, Cdad. Apodaca, Sta. Rosa - Mezquital, Avenida Concordia邮政编码: 66610",ChIJxceIRwDtYoYR6almhNV-KGQ,https://www.google.com/maps/place/?q=place_id:ChIJxceIRwDtYoYR6almhNV-KGQ,han
Ciudad Apodaca,Nuevo León,火锅店,"Valle de Aragón 1036, Valle de Los Nogales, 66610 Cdad. Apodaca, N.L.",ChIJu1_WNwDtYoYRg0yqQirgRTI,https://www.google.com/maps/place/?q=place_id:ChIJu1_WNwDtYoYRg0yqQirgRTI,han
Ciudad Benito Juárez,Nuevo León,Comida china Shenzhen,"Av. Ruiz Cortines 1000, 67258 Cdad. Benito Juárez, N.L.",ChIJlciiAADpYoYReJJBjbtD_uo,https://www.google.com/maps/place/?q=place_id:ChIJlciiAADpYoYReJJBjbtD_uo,pinyin
Ciudad Benito Juárez,Nuevo León,COMIDA CHINA SHENZHEN,"Carr. a San Roque 1001-3, villa de San Francisco, 67276 Cdad. Benito Juárez, N.L.",ChIJWe3CSvbDYoYRHuexjqil4Po,https://www.google.com/maps/place/?q=place_id:ChIJWe3CSvbDYoYRHuexjqil4Po,pinyin
Ciudad Benito Juárez,Nuevo León,COMIDA CHINA 兴Xing Long隆,"Vista de la Primavera 419A, Vistas del Rio, 67251 Cdad. Benito Juárez, N.L.",ChIJW-DLQwDDYoYRsPZDbd9AHO0,https://www.google.com/maps/place/?q=place_id:ChIJW-DLQwDDYoYRsPZDbd9AHO0,han
Ciudad Obregón,Sonora,Restaurant Beijing,"Av. Miguel Alemán 850, Norte, Urb. No. 4, 85000 Cdad. Obregón, Son.",ChIJ07nVEJcVyIYRXYEO8DYRJtk,https://www.google.com/maps/place/?q=place_id:ChIJ07nVEJcVyIYRXYEO8DYRJtk,pinyin
Ciudad Obregón,Sonora,Restaurant Hong Kong,"Calle Hermenegildo Galeana 302, Centro, Urb. No. 7, 85000 Cdad. Obregón, Son.",ChIJTYn19owVyIYRr0PT1CLlha0,https://www.google.com/maps/place/?q=place_id:ChIJTYn19owVyIYRr0PT1CLlha0,pinyin
Cuernavaca,Morelos,Montaña del Dragón 龙山,"Santa María Ahuacatitlán, 62100 Cuernavaca, Morelos",ChIJ8w5PDCLhzYURc4z527JUbFI,https://www.google.com/maps/place/?q=place_id:ChIJ8w5PDCLhzYURc4z527JUbFI,han
Culiacán Rosales,Sinaloa,Shanghai restaurante,"Blvd. Constitución 444, Jorge Almada, Almada, 80200 Culiacán Rosales, Sin.",ChIJTYZxphnavIYRth8BHMEf2-k,https://www.google.com/maps/place/?q=place_id:ChIJTYZxphnavIYRth8BHMEf2-k,pinyin
Culiacán Rosales,Sinaloa,SHANGHAI TRES RIOS,"ENRIQUE, Blvrd Enrique Sánchez Alonso 2093, Desarrollo Urbano Tres Ríos, 80020 Culiacán Rosales, Sin.",ChIJEeR934DbvIYRF91yFPI2Zto,https://www.google.com/maps/place/?q=place_id:ChIJEeR934DbvIYRF91yFPI2Zto,pinyin
Dulces Nombres,Nuevo León,comida china shenzhen,"Av. San Fernando 308, 66670 Dulces Nombres, N.L.",ChIJ5dCIdgDpYoYRGyA1BmsrNyU,https://www.google.com/maps/place/?q=place_id:ChIJ5dCIdgDpYoYRGyA1BmsrNyU,pinyin
Durango,Durango,Hong kong comida China,"Blvd. Francisco Villa 3700, Cd Industrial, 34208 Durango, Dgo.",ChIJV1v6VwC3m4YROsoT9JN4l0Q,https://www.google.com/maps/place/?q=place_id:ChIJV1v6VwC3m4YROsoT9JN4l0Q,pinyin
El Pueblito,Querétaro,Shi Wei Xian 食为先,"Plaza punta real, local 16, Puerta Real Residencial Desarrollo Urbana 08, 76910 El Pueblito, Qro.",ChIJUQ7zWCJF04URJCE5xVN-yBU,https://www.google.com/maps/place/?q=place_id:ChIJUQ7zWCJF04URJCE5xVN-yBU,han
Ensenada,Baja California,Restaurante Cong Chau 广州酒家,"Prolongacion, Calz. Cortez 100, Independencia, 22840 Ensenada, B.C.",ChIJwS3ZmYmN2IARCYRgjwUmoBA,https://www.google.com/maps/place/?q=place_id:ChIJwS3ZmYmN2IARCYRgjwUmoBA,han
Ensenada,Baja California,Restaurante Gran Hong Kong,"Av. Miramar 51-53, Zona Centro, 22800 Ensenada, B.C.",ChIJj9P_8maS2IARyPfW2U05uQY,https://www.google.com/maps/place/?q=place_id:ChIJj9P_8maS2IARyPfW2U05uQY,pinyin
Fresnillo,Zacatecas,Hong Kong,"Calle Fco. J. Mina, Centro, 99000 Fresnillo, Zac.",ChIJ-YgGkaQLg4YReBQA1-dT6Y0,https://www.google.com/maps/place/?q=place_id:ChIJ-YgGkaQLg4YReBQA1-dT6Y0,pinyin
Guadalajara,Jalisco,El Dragón Rojo （华龙中餐厅 Hua Long）,"C. Miguel Blanco 871, Zona Centro, 44100 Guadalajara, Jal.",ChIJ9-uCIdixKIQRQcoHtFtKYhc,https://www.google.com/maps/place/?q=place_id:ChIJ9-uCIdixKIQRQcoHtFtKYhc,han
Guadalajara,Jalisco,Kumian Ramen 中華料理,"Av. Fidel Velazquez 913, Santa Elena Alcalde, 44220 Guadalajara, Jal.",ChIJFX6fFgCxKIQR92cQTiT0ukQ,https://www.google.com/maps/place/?q=place_id:ChIJFX6fFgCxKIQR92cQTiT0ukQ,han
Guadalajara,Jalisco,Shun Fa Super Oriental - 順發超市,"Héroes de la Independencia 83, Centro, 44290 Guadalajara, Jal.",ChIJx1RBEqixKIQRzGuW2nTbOAY,https://www.google.com/maps/place/?q=place_id:ChIJx1RBEqixKIQRzGuW2nTbOAY,han
Guadalajara,Jalisco,YUDU HOTPOT 渝都火锅,"C. Donato Guerra 26, Zona Centro, 44100 Guadalajara, Jal.",ChIJt-jZ4kuxKIQRYPWb_RnVopE,https://www.google.com/maps/place/?q=place_id:ChIJt-jZ4kuxKIQRYPWb_RnVopE,han
Guadalajara,Jalisco,家家樂華人超市,"Héroes de la Independencia 1, Zona Centro, 44100 Guadalajara, Jal.",ChIJsciB2g6xKIQRI9bSCPr_NRQ,https://www.google.com/maps/place/?q=place_id:ChIJsciB2g6xKIQRI9bSCPr_NRQ,han
Guadalajara,Jalisco,老梅仔 (中餐馆) - Lao Mei Zai (COMIDA ORIGINAL CHINA),"Calz. Revolución 170, Analco, 44450 Guadalajara, Jal.",ChIJ0-j4EACzKIQRaATR650nxeQ,https://www.google.com/maps/place/?q=place_id:ChIJ0-j4EACzKIQRaATR650nxeQ,han
Guadalupe,Zacatecas,Restaurante Hong Kong La Florida,"La Florida 203, Las Arboledas, 98168 Guadalupe, Zac.",ChIJq8SFstqpgIYRSnXXGCPd1oE,https://www.google.com/maps/place/?q=place_id:ChIJq8SFstqpgIYRSnXXGCPd1oE,pinyin
Guanajuato,Guanajuato,鑫发中餐,"Av. Benito Juárez 139, Zona Centro, 36000 Guanajuato, Gto.",ChIJO1bs_g50K4QRFKHt2mq7A4U,https://www.google.com/maps/place/?q=place_id:ChIJO1bs_g50K4QRFKHt2mq7A4U,han
Hermosillo,Sonora,Comida China Jing Hu 京湖,"Blvd. Juan Bautista de Escalante 140, Alto Valle, 83106 Hermosillo, Son.",ChIJpUpxsviHzoYRbxkry-gvPE4,https://www.google.com/maps/place/?q=place_id:ChIJpUpxsviHzoYRbxkry-gvPE4,han
Heroica Puebla de Zaragoza,Puebla,Lanzhou Ramen,"Blvd. Xonacatepec 174, Bosques de San Sebastián, 72310 Heroica Puebla de Zaragoza, Pue.",ChIJt7BuJADrz4UR2o85mv_KKD0,https://www.google.com/maps/place/?q=place_id:ChIJt7BuJADrz4UR2o85mv_KKD0,pinyin
Irapuato,Guanajuato,MI CHA 觅茶 té y tapioca,"Blvd. Lázaro Cárdenas 261, Moderna, 36690 Irapuato, Gto.",ChIJoyM0RB9_LIQRiOER-pH5Jp8,https://www.google.com/maps/place/?q=place_id:ChIJoyM0RB9_LIQRiOER-pH5Jp8,han
Irapuato,Guanajuato,MI CHA 觅茶 té y tapioca C.C Fragaria,"Blvrd Paseo Solidaridad 13588-local 08, Terracota, 36620 Irapuato, Gto.",ChIJewCB9DR_LIQRgla0TCJqHOI,https://www.google.com/maps/place/?q=place_id:ChIJewCB9DR_LIQRgla0TCJqHOI,han
Irapuato,Guanajuato,MI CHA 觅茶 té y tapioca Plaza Cibeles,"Blvd. a Villas de Irapuato #1443 Local 98, Colonia Ejido, Segundo piso, Plaza Cibeles, 36643 Irapuato, Gto.",ChIJc-RaquB_LIQRwmjy3961UmU,https://www.google.com/maps/place/?q=place_id:ChIJc-RaquB_LIQRwmjy3961UmU,han
Juárez,Chihuahua,Hong Kong City - by Comida China Jrz,"Av. Paseo Triunfo de la República 4630, Monumental, 32310 Juárez, Chih.",ChIJDZHEYFZZ54YRgWMh8fppsyk,https://www.google.com/maps/place/?q=place_id:ChIJDZHEYFZZ54YRgWMh8fppsyk,pinyin
Juriquilla,Querétaro,Clínica Taiyang 太阳,"Residencial Caletto, Blvd. Jurica la Campana 1000, 76230 Juriquilla, Qro.",ChIJvz-OhphX04URiZz1MQHU0fo,https://www.google.com/maps/place/?q=place_id:ChIJvz-OhphX04URiZz1MQHU0fo,han
Juriquilla,Querétaro,中国超市旺旺食品商店WANGWANG,"Anillo Vial Fray Junípero Serra 2651, Santa Fé, 76230 Juriquilla, Qro.",ChIJzRGuZclX04URkNE0bYRHJpU,https://www.google.com/maps/place/?q=place_id:ChIJzRGuZclX04URkNE0bYRHJpU,han
La Paz,Baja California Sur,Gran China (大中華),"Ignacio Manuel Altamirano esquina Ignacio Altamirano, Centro, Zona Central, 23000 La Paz, B.C.S.",ChIJiUEPXFvTr4YR9jv7vsnYUkE,https://www.google.com/maps/place/?q=place_id:ChIJiUEPXFvTr4YR9jv7vsnYUkE,han
La Paz,Baja California Sur,Restaurant Bar Dragón de Oro (金龍酒家),"Ignacio Allende, C. Francisco I. Madero 96 Esq, Zona Central, 23000 La Paz, B.C.S.",ChIJu6l6m1DTr4YRJyP_gjRnVPE,https://www.google.com/maps/place/?q=place_id:ChIJu6l6m1DTr4YRJyP_gjRnVPE,han
La Paz,Baja California Sur,Restaurant Jeon San (香山酒家),"Av, Revolución de 1910, Zona Central, 23000 La Paz, B.C.S.",ChIJCzhDMFnTr4YRIPoCvoPqJKg,https://www.google.com/maps/place/?q=place_id:ChIJCzhDMFnTr4YRIPoCvoPqJKg,han
Las Juntas,Jalisco,COCINA EXPRESS SHANGHAI,"Venustiano Carranza num316 local D Delegacion, Puerto Vallarta, 48291 Las Juntas, Jal.",ChIJU3IZqQ1HIYQR7eBscR-Sho8,https://www.google.com/maps/place/?q=place_id:ChIJU3IZqQ1HIYQR7eBscR-Sho8,pinyin
León de los Aldama,Guanajuato,Asia Market Leon 亞洲超市,"Blvd. Hermanos Aldama 2502-local 4, Industrial la Pompa, 37490 León de los Aldama, Gto.",ChIJaRhqSkS_K4QRUmbNXtBTo8E,https://www.google.com/maps/place/?q=place_id:ChIJaRhqSkS_K4QRUmbNXtBTo8E,han
León de los Aldama,Guanajuato,One Family Hot Pot Restaurant 一家人重庆火锅店,"A. Francia 604, Los Paraisos, 37328 León de los Aldama, Gto.",ChIJj2YTqDW_K4QRKdfrcKY1T4Y,https://www.google.com/maps/place/?q=place_id:ChIJj2YTqDW_K4QRKdfrcKY1T4Y,han
León de los Aldama,Guanajuato,Vitalita Masaje Oriental 中式按摩,"Blvr. Mariano Escobedo Pte. 2502-Local 4 -5, León Moderno, 37480 León de los Aldama, Gto.",ChIJ4R70r62_K4QR4S_wiTK93Nk,https://www.google.com/maps/place/?q=place_id:ChIJ4R70r62_K4QR4S_wiTK93Nk,han
Manzanillo,Colima,Comida China Zui Xiang Chun,"Reforma 29, Santiago Centro, 28860 Manzanillo, Col.",ChIJBaZoYvfXJIQRoFnIUf-Uzsg,https://www.google.com/maps/place/?q=place_id:ChIJBaZoYvfXJIQRoFnIUf-Uzsg,pinyin
Mazatlán,Sinaloa,"""Ruixiang"" Comida China","Mazatlan ÌII, 82195 Mazatlán, Sin.",ChIJBWonC_xSn4YR4CJuYWJqsr8,https://www.google.com/maps/place/?q=place_id:ChIJBWonC_xSn4YR4CJuYWJqsr8,pinyin
Mazatlán,Sinaloa,Mi té 蜜茶,"Apolo 82123, Alameda, 82123 Mazatlán, Sin.",ChIJ86HCDgdTn4YRDzKwKqNnV9M,https://www.google.com/maps/place/?q=place_id:ChIJ86HCDgdTn4YRDzKwKqNnV9M,han
Mérida,Yucatán,Fu Xiang,"C. 65 205, Cortés Sarmiento, 97168 Mérida, Yuc.",ChIJPeFRfgNxVo8R8Tdzlyr6c3M,https://www.google.com/maps/place/?q=place_id:ChIJPeFRfgNxVo8R8Tdzlyr6c3M,pinyin
Metepec,Estado de México,Comida China Buffet Zhu yuan 竹苑,"BLVRD TOLUCA METEPEC, Calle Guadalupe Victoria 601, La Purisima, 52169 Metepec, Méx.",ChIJ-W6_wm6LzYURxBMHnBryvJA,https://www.google.com/maps/place/?q=place_id:ChIJ-W6_wm6LzYURxBMHnBryvJA,han
Mexicali,Baja California,Beijing Restaurante,"Calz. Justo Sierra 891, Cuauhtémoc Sur, 21200 Mexicali, B.C.",ChIJMSBeAxVw14ARF6u-oe-FiDc,https://www.google.com/maps/place/?q=place_id:ChIJMSBeAxVw14ARF6u-oe-FiDc,pinyin
Mexicali,Baja California,Palacio Hunan,"Blvd. Benito Juárez 3, Las Palmas, 21360 Mexicali, B.C.",ChIJT0xkHfVw14ARzk5_K1cT8MA,https://www.google.com/maps/place/?q=place_id:ChIJT0xkHfVw14ARzk5_K1cT8MA,pinyin
Monterrey,Nuevo León,Baozi,"Av Lázaro Cárdenas 2610, Del Paseo Residencial, 64765 Monterrey, N.L.",ChIJuz5vCAC_YoYRVi47lC0Z-s8,https://www.google.com/maps/place/?q=place_id:ChIJuz5vCAC_YoYRVi47lC0Z-s8,pinyin
Monterrey,Nuevo León,Beijing Comida China,"Av. Benito Juárez 745, Centro, 64000 Monterrey, N.L.",ChIJ6RotTS--YoYRn5r1NGgmCz4,https://www.google.com/maps/place/?q=place_id:ChIJ6RotTS--YoYRn5r1NGgmCz4,pinyin
Monterrey,Nuevo León,HICHA 槑茶,"plaza bella Anáhuac, Av. Sendero Divisorio 1001, Privadas de Anáhuac, Cerrada de Anáhuac Residencial, 66059 Monterrey, N.L.",ChIJZ8SFI0yVYoYRLui2vrnVxOQ,https://www.google.com/maps/place/?q=place_id:ChIJZ8SFI0yVYoYRLui2vrnVxOQ,han
Monterrey,Nuevo León,Huayuan Buffet 华苑,"Av Paseo de los Leones 1001, Cumbres Madeira, 64349 Monterrey, N.L.",ChIJWw1zSACXYoYRNDB7oNP8sgc,https://www.google.com/maps/place/?q=place_id:ChIJWw1zSACXYoYRNDB7oNP8sgc,han
Monterrey,Nuevo León,JI XIANG,"Guadalajara Dr. Alfredo Piñeyro Lopez 1024, Mitras Sur, 64020 Monterrey, N.L.",ChIJoe-jHOOVYoYRd3nRHvibm-Y,https://www.google.com/maps/place/?q=place_id:ChIJoe-jHOOVYoYRd3nRHvibm-Y,pinyin
Monterrey,Nuevo León,Mo Mo Cha 奶爸王子,"Av. Alfonso Reyes, Plaza California 318-interior 102, Contry San Juanito, 64859 Monterrey, N.L.",ChIJqypZ1bKVYoYRsBYm3V9aV4k,https://www.google.com/maps/place/?q=place_id:ChIJqypZ1bKVYoYRsBYm3V9aV4k,han
Morelia,Michoacán,CHINAMICH Comida china estilo Shanghái,"Av Francisco I. Madero Ote 1871, Isaac Arriaga, 58210 Morelia, Mich.",ChIJeXvj65MPLYQRUE7KulnkeFE,https://www.google.com/maps/place/?q=place_id:ChIJeXvj65MPLYQRUE7KulnkeFE,pinyin
Morelia,Michoacán,Hong Kong Express,"Av. Lic. Enrique Ramírez Miguel 1000, Las Américas, 58270 Morelia, Mich.",ChIJMXRAtBwSLYQRIPI1FuYH8BI,https://www.google.com/maps/place/?q=place_id:ChIJMXRAtBwSLYQRIPI1FuYH8BI,pinyin
Morelia,Michoacán,MI CHA 觅茶 té y tapioca C.C Paseo Altozano,"Av Montaña Monarca norte #1000-Local 1N-19B, 58350 Morelia, Mich.",ChIJBfVtxhUNLYQR3eeiFWIj_HM,https://www.google.com/maps/place/?q=place_id:ChIJBfVtxhUNLYQR3eeiFWIj_HM,han
Morelia,Michoacán,MIDORI 緑 Té y tapioca,"Av. Universidad 1174, Villa Universidad, Valle Quieto, 58060 Morelia, Mich.",ChIJESMYfG4NLYQR-Q7TulgafzM,https://www.google.com/maps/place/?q=place_id:ChIJESMYfG4NLYQR-Q7TulgafzM,han
Morelia,Michoacán,Shenzhen Comida China Express,"Av Lázaro Cárdenas 973, Centro, 58000 Morelia, Mich.",ChIJmxJL5gIPLYQRqxtr0eSfV0E,https://www.google.com/maps/place/?q=place_id:ChIJmxJL5gIPLYQRqxtr0eSfV0E,pinyin
Oaxaca de Juárez,Oaxaca,Buffet Chino Hong Kong,"Lateral 206, FERROCARRIL, Jose Vasconcelos, 68115 Oaxaca de Juárez, Oax.",ChIJHSqwRUkix4URFfF18XMORuw,https://www.google.com/maps/place/?q=place_id:ChIJHSqwRUkix4URFfF18XMORuw,pinyin
Oaxaca de Juárez,Oaxaca,Hong Kong,"Dr. Liceaga 107, RUTA INDEPENDENCIA, Centro, 68000 Oaxaca de Juárez, Oax.",ChIJzTUK1Tsix4UR07vHCYLd6kI,https://www.google.com/maps/place/?q=place_id:ChIJzTUK1Tsix4UR07vHCYLd6kI,pinyin
Pachuca de Soto,Hidalgo,Cafetería Hong Kong,"Av Francisco I. Madero 120, Céspedes, 42090 Pachuca de Soto, Hgo.",ChIJmfheMGCn0YURgdQ-pzIkqwY,https://www.google.com/maps/place/?q=place_id:ChIJmfheMGCn0YURgdQ-pzIkqwY,pinyin
Pesquería,Nuevo León,COMIDA CHINA SHENZHEN,"Av. Lucca 402, 66673 Pesquería, N.L.",ChIJVRlWFQDpYoYR5ND__apl7_Q,https://www.google.com/maps/place/?q=place_id:ChIJVRlWFQDpYoYR5ND__apl7_Q,pinyin
Playa del Carmen,Quintana Roo,Hong Kong Express,"Carretera Cancún Tulúm 2422, 77712 Playa del Carmen, Q.R.",ChIJz0Q4u3RDTo8RKEM4Ij19QxA,https://www.google.com/maps/place/?q=place_id:ChIJz0Q4u3RDTo8RKEM4Ij19QxA,pinyin
Playa del Carmen,Quintana Roo,Hong Kong Express Colosio,"Av Luis Donaldo Colosio 59, Santa Fe del Carmen, 77710 Playa del Carmen, Q.R.",ChIJtUCEMQBDTo8RJt9WhlI8X00,https://www.google.com/maps/place/?q=place_id:ChIJtUCEMQBDTo8RJt9WhlI8X00,pinyin
Puerto Vallarta,Jalisco,Xian Wei,"C. Juárez 252, Centro, 48300 Puerto Vallarta, Jal.",ChIJj-fRwU5FIYQRPsLggWgdgyQ,https://www.google.com/maps/place/?q=place_id:ChIJj-fRwU5FIYQRPsLggWgdgyQ,pinyin
Reynosa,Tamaulipas,Comida china Beijing,"Naranjos 18, Lomas del Real de Jarachina Nte., 88730 Reynosa, Tamps.",ChIJ-c4_EdcFZYYRHPY1Xzvcd68,https://www.google.com/maps/place/?q=place_id:ChIJ-c4_EdcFZYYRHPY1Xzvcd68,pinyin
Reynosa,Tamaulipas,Comida China Xian,"Punta Calabozo, Puerta del Sol, 88736 Reynosa, Tamps.",ChIJJ96DZEUFZYYREbk7AvBUsOc,https://www.google.com/maps/place/?q=place_id:ChIJJ96DZEUFZYYREbk7AvBUsOc,pinyin
Reynosa,Tamaulipas,HICHA 槑茶,"sucursal periférico,libramiento sur, Autop. Monterrey - Reynosa 1000-s/n, Lomas del Real de Jarachina Sur, 88730 Reynosa, Tamps.",ChIJPycphlcFZYYR1S5loCDq6Uw,https://www.google.com/maps/place/?q=place_id:ChIJPycphlcFZYYR1S5loCDq6Uw,han
Reynosa,Tamaulipas,Hong Kong,"Blvd. Hidalgo 101, Las Fuentes, 88710 Reynosa, Tamps.",ChIJ0RTruPoFZYYRQHOdoegrJa0,https://www.google.com/maps/place/?q=place_id:ChIJ0RTruPoFZYYRQHOdoegrJa0,pinyin
Saltillo,Coahuila de Zaragoza,Comida China Hong Kong,"Parque Industrial Amistad Alianzas, 25083 Saltillo, Coah.",ChIJYUayuUpziIYR8S1idbco4Yg,https://www.google.com/maps/place/?q=place_id:ChIJYUayuUpziIYR8S1idbco4Yg,pinyin
Saltillo,Coahuila de Zaragoza,Hong Kong City,"Blvd. Eulalio Gutiérrez Treviño 525-Local 19, Planta alta, Jardines de la Florida, 25296 Saltillo, Coah.",ChIJG3pRKgATiIYRSfUxH3QYrU4,https://www.google.com/maps/place/?q=place_id:ChIJG3pRKgATiIYRSfUxH3QYrU4,pinyin
Saltillo,Coahuila de Zaragoza,JíXiáng Saltillo,"Pérez Treviño, Perez Treviño 449, Zona Centro, 25000 Saltillo, Coah.",ChIJpSZ-HQBziIYRi74qXZpVIbk,https://www.google.com/maps/place/?q=place_id:ChIJpSZ-HQBziIYRi74qXZpVIbk,pinyin
San Cristóbal de las Casas,Chiapas,Hong - Kong,"Periférico Norte Poniente #29, Los Alcanfores, 29265 San Cristóbal de las Casas, Chis.",ChIJq-4mWqZF7YURKVl8sJj-OeM,https://www.google.com/maps/place/?q=place_id:ChIJq-4mWqZF7YURKVl8sJj-OeM,pinyin
San Cristóbal de las Casas,Chiapas,Hong Kong Comida China,"San Ramon, 29265 San Cristóbal de las Casas, Chis.",ChIJ5clfV0hF7YURd0KRERrV76w,https://www.google.com/maps/place/?q=place_id:ChIJ5clfV0hF7YURd0KRERrV76w,pinyin
San Cristóbal Huichochitlán,Estado de México,HONG COMIDA CHINA 宏中国菜,"50200, Manzana 017, San Cristóbal Huichochitlan, Delegación San Cristóbal Huichochitlán, 50200 San Cristóbal Huichochitlán, Méx.",ChIJ6xI2nZl30oURwGnpRsjyImg,https://www.google.com/maps/place/?q=place_id:ChIJ6xI2nZl30oURwGnpRsjyImg,han
San Francisco de Campeche,Campeche,Restaurante Shanghai II,"C. 10 55, Zona Centro, 24000 San Francisco de Campeche, Camp.",ChIJvWsrHvEz-IURMMD80t3kws8,https://www.google.com/maps/place/?q=place_id:ChIJvWsrHvEz-IURMMD80t3kws8,pinyin
San Luis Potosí,San Luis Potosí,Comida china 【长城】GRAN MURALLA,"Av. Venustiano Carranza 565, Reforma, 78000 San Luis Potosí, S.L.P.",ChIJo6McEqCZKoQR4pMxrYNUzWE,https://www.google.com/maps/place/?q=place_id:ChIJo6McEqCZKoQR4pMxrYNUzWE,han
San Luis Potosí,San Luis Potosí,Restaurante Comida China Hong Kong Express,"Juan Sarabia 315, Centro Historico, 78000 San Luis Potosí, S.L.P.",ChIJs7T5ufihKoQRuuwTdkLjCkU,https://www.google.com/maps/place/?q=place_id:ChIJs7T5ufihKoQRuuwTdkLjCkU,pinyin
San Luis Potosí,San Luis Potosí,按摩店私人医院,"Francisco de Urdinola 185, Parque España 3ra Secc, 78200 San Luis Potosí, S.L.P.",ChIJL6D0IimfKoQRdPwoHwib3ZM,https://www.google.com/maps/place/?q=place_id:ChIJL6D0IimfKoQRdPwoHwib3ZM,han
San Nicolás de los Garza,Nuevo León,Lanzhou Ramen Mty 兰州拉面,"Avenida Universidad 1250-3 piso local C307, Villarreal, 66427 San Nicolás de los Garza, N.L.",ChIJv2oNNgCVYoYRnGsEIMubRB8,https://www.google.com/maps/place/?q=place_id:ChIJv2oNNgCVYoYRnGsEIMubRB8,han
San Pedro Garza García,Nuevo León,yihotpot 燚火锅,"Nuevo León, San Pedro Garza García, Zona San Agustín, Av. Real San Agustin, local 14B-1邮政编码: 66260",ChIJAYpbEgC_YoYRvM1wwclGNEI,https://www.google.com/maps/place/?q=place_id:ChIJAYpbEgC_YoYRvM1wwclGNEI,han
Santiago de Querétaro,Querétaro,Comida china 中国快餐,"Av. Constituyentes 6d, San Francisquito, 76040 Santiago de Querétaro, Qro.",ChIJNWZFdQBF04URyOx8HbwSYwc,https://www.google.com/maps/place/?q=place_id:ChIJNWZFdQBF04URyOx8HbwSYwc,han
Santiago de Querétaro,Querétaro,Novedades Hong Kong China,"C. Benito Juárez Sur 52, Centro, 76000 Santiago de Querétaro, Qro.",ChIJi1L6dLdb04UR0ICMQJRDgkY,https://www.google.com/maps/place/?q=place_id:ChIJi1L6dLdb04UR0ICMQJRDgkY,pinyin
Santiago de Querétaro,Querétaro,Pollo Kowloon,"Querétaro, Santiago de Querétaro, La Purísima, Anillo Vial Fray Junípero Serra, JJMX+66 墨西哥克雷塔罗拉普里西马邮政编码: 76146",ChIJXYBNMABb04URtk_jua3XXak,https://www.google.com/maps/place/?q=place_id:ChIJXYBNMABb04URtk_jua3XXak,pinyin
Santiago de Querétaro,Querétaro,XingHe Dumpling de china y té星禾饺子茶馆,"Av Reforma Ote 127A, La Santa Cruz, La Cruz, 76020 Santiago de Querétaro, Qro.",ChIJPd6frUhb04URBbCt6egsdsI,https://www.google.com/maps/place/?q=place_id:ChIJPd6frUhb04URBbCt6egsdsI,han
Santiago de Querétaro,Querétaro,Yong Xing Comida China (永兴）,"Av. Constituyentes 34 Ote-Local 10-C, zona dos extendida, Mercurio, 76046 Santiago de Querétaro, Qro.",ChIJQ-l8KVFF04UR2KaOJM_8Yss,https://www.google.com/maps/place/?q=place_id:ChIJQ-l8KVFF04UR2KaOJM_8Yss,han
Santiago de Querétaro,Querétaro,中国店Baishun百顺杂货店,"Av. Prol. Luis Pasteur Sur 135, zona dos extendida, Alameda, 76040 Santiago de Querétaro, Qro.",ChIJryV5frNF04URhhq0_VCQx6w,https://www.google.com/maps/place/?q=place_id:ChIJryV5frNF04URhhq0_VCQx6w,han
Tampico,Tamaulipas,Comida China Shi Wei Xian,"Los Pinos, 89137 Tampico, Tamps.",ChIJo9UmnMH514URG6ivn02Z2Yc,https://www.google.com/maps/place/?q=place_id:ChIJo9UmnMH514URG6ivn02Z2Yc,pinyin
Tampico,Tamaulipas,Xiang Wang Comida China Express,"Altamira 101-C JOYERIA JASMIN, Zona Centro, 89000 Tampico, Tamps.",ChIJM3cW7Gv314URNwywbTZrXZE,https://www.google.com/maps/place/?q=place_id:ChIJM3cW7Gv314URNwywbTZrXZE,pinyin
Tepic,Nayarit,恒 HENG FA 發 Comida China,"Av Jacarandas 33, Versalles, 63139 Tepic, Nay.",ChIJMSi7vM83J4QRVvQl5z-GIkk,https://www.google.com/maps/place/?q=place_id:ChIJMSi7vM83J4QRVvQl5z-GIkk,han
Tijuana,Baja California,（Ten Seconds）Shimiaodao Yunnan Rice Noodles Tijuana,"Plaza Alameda Otay Town Center, Aeropuerto 16000, La Pechuga, 22425 Tijuana, B.C.",ChIJI6BLf8VH2YARgYmNZiLmp7U,https://www.google.com/maps/place/?q=place_id:ChIJI6BLf8VH2YARgYmNZiLmp7U,pinyin
Tijuana,Baja California,China Inn 美味园,"Blvd. Gustavo Díaz Ordaz 565 B, La Mesa, 22105 Tijuana, B.C.",ChIJf_k3GI052YARA_lSlWHcQ1I,https://www.google.com/maps/place/?q=place_id:ChIJf_k3GI052YARA_lSlWHcQ1I,han
Tijuana,Baja California,Comida china Hua Xiang Yuan,"Gral. Lázaro Cárdenas 15-INT, -1, Col Ejido Francisco Villa, Lázaro Cárdenas, 22236 Tijuana, B.C.",ChIJWUX3M9Y_2YARoD_8IwdqnZ4,https://www.google.com/maps/place/?q=place_id:ChIJWUX3M9Y_2YARoD_8IwdqnZ4,pinyin
Tijuana,Baja California,HONG KONG CAFE COMIDA CHINA,"Blvd. Gustavo Díaz Ordaz 500, Chapultepec California, 22117 Tijuana, B.C.",ChIJvYmnpfQk-xQR6XRP1hUHzSQ,https://www.google.com/maps/place/?q=place_id:ChIJvYmnpfQk-xQR6XRP1hUHzSQ,pinyin
Tijuana,Baja California,Hong Kong City,"Blvd. Gustavo Díaz Ordaz 16139, Martinez, 22127 Tijuana, B.C.",ChIJ2fleu8Q42YARZYfYhEPrxH4,https://www.google.com/maps/place/?q=place_id:ChIJ2fleu8Q42YARZYfYhEPrxH4,pinyin
Tijuana,Baja California,Hong Kong Gentlemen's Club,"C. Coahuila 2009, Zona Nte., 22000 Tijuana, B.C.",ChIJuXfDlAZJ2YARPmalWewuM3U,https://www.google.com/maps/place/?q=place_id:ChIJuXfDlAZJ2YARPmalWewuM3U,pinyin
Tijuana,Baja California,Man Xiang,"Lib. Sur 22643, Industrial Pacifico, Sin Asignación En Nombre de Asentamiento, 22643 Tijuana, B.C.",ChIJ5-wIZKI32YARF3_0KOvBujw,https://www.google.com/maps/place/?q=place_id:ChIJ5-wIZKI32YARF3_0KOvBujw,pinyin
Tijuana,Baja California,人乐超 （Super de la Gente Feliz),"Calle Ignacio Zaragoza 8359b, Zona Centro, 22000 Tijuana, B.C.",ChIJR8xTEcpJ2YARaugMgw7HUog,https://www.google.com/maps/place/?q=place_id:ChIJR8xTEcpJ2YARaugMgw7HUog,han
Torreón,Coahuila de Zaragoza,"Comida China ""Dao Xiang"" (Presidente Carranza Centro)","Av Pdte Carranza 500, Primitivo Centro, 27000 Torreón, Coah.",ChIJm_GSLGbZj4YRobQm3Y6VZ1E,https://www.google.com/maps/place/?q=place_id:ChIJm_GSLGbZj4YRobQm3Y6VZ1E,pinyin
Torreón,Coahuila de Zaragoza,Hong Kong,"Presidente Carranza, Oriente 3201, Primero de Cobián Centro, 27000 Torreón, Coah.",ChIJ44wQXpjbj4YRFe6GjhC9Ns4,https://www.google.com/maps/place/?q=place_id:ChIJ44wQXpjbj4YRFe6GjhC9Ns4,pinyin
Tuxtla Gutiérrez,Chiapas,GUANGZHOU. Comida china en especialidad cantonesa.,"Fraccionamiento Vida Mejor, Cto Prosperidad Pte Nte, Zona Sin Asignación de Nombre de Col 24, 29045 Tuxtla Gutiérrez, Chis.",ChIJp06EiKsn7YUR-HbRhxBgikM,https://www.google.com/maps/place/?q=place_id:ChIJp06EiKsn7YUR-HbRhxBgikM,pinyin
Tuxtla Gutiérrez,Chiapas,Hong Kong,"Blvd. Belisario Domínguez 2238, Jardines de Tuxtla, 29020 Tuxtla Gutiérrez, Chis.",ChIJoXoQyg3Z7IURCZYNzrjawgo,https://www.google.com/maps/place/?q=place_id:ChIJoXoQyg3Z7IURCZYNzrjawgo,pinyin
Villahermosa,Tabasco,Local De Bnixian Chao Comida China,"Benito Juárez 427, Centro Delegacion Dos, 86077 Villahermosa, Tab.",ChIJkWu_6DfY7YURneLLn8xS9eQ,https://www.google.com/maps/place/?q=place_id:ChIJkWu_6DfY7YURneLLn8xS9eQ,pinyin
Villahermosa,Tabasco,Shanghai,"Av 16 de Septiembre 132, Primero de Mayo, 86190 Villahermosa, Tab.",ChIJKcJpIH7X7YUR2TA3GMRnMcA,https://www.google.com/maps/place/?q=place_id:ChIJKcJpIH7X7YUR2TA3GMRnMcA,pinyin
Villahermosa,Tabasco,SHANGHAI,"Av Paseo Usumacinta 1110, Local 4, Tabasco 2000, Los Rios, 86035 Villahermosa, Tab.",ChIJP2NZN9PZ7YURiHbqMQ8BZVk,https://www.google.com/maps/place/?q=place_id:ChIJP2NZN9PZ7YURiHbqMQ8BZVk,pinyin
Villahermosa,Tabasco,Xiang Fa Comida China,"Plaza Sendero, Perif. Carlos Pellicer Cámara 1020, El Recreo, 86029 Villahermosa, Tab.",ChIJAz-6ZHHY7YUR9qU4_wjl9m8,https://www.google.com/maps/place/?q=place_id:ChIJAz-6ZHHY7YUR9qU4_wjl9m8,pinyin
Xalapa-Enríquez,Veracruz,CHINA BEIJING,"C. Lázaro Cárdenas 302, Independencia, 91170 Xalapa-Enríquez, Ver.",ChIJl0V4cAAx24URHAC3WGGqJUA,https://www.google.com/maps/place/?q=place_id:ChIJl0V4cAAx24URHAC3WGGqJUA,pinyin
Zacatecas,Zacatecas,Restaurant Hong Kong YeeMon,"Alameda Trinidad García de La Cadena #306, Zacatecas Centro, 98000 Zacatecas, Zac.",ChIJHebhiJVPgoYR7kJdV5vB4qw,https://www.google.com/maps/place/?q=place_id:ChIJHebhiJVPgoYR7kJdV5vB4qw,pinyin
Zacatecas,Zacatecas,Shanghai Wok,"Miguel Auza #316, Zacatecas Centro, 98000 Zacatecas, Zac.",ChIJy8rj0b1PgoYRjfcm0qF5hvU,https://www.google.com/maps/place/?q=place_id:ChIJy8rj0b1PgoYRjfcm0qF5hvU,pinyin
杜兰戈,杜兰戈,Restaurant Hong Kong,墨西哥杜兰戈 Máximo Gámiz,ChIJ2YxkRbe3m4YR-N_QiEEqONA,https://www.google.com/maps/place/?q=place_id:ChIJ2YxkRbe3m4YR-N_QiEEqONA,pinyin
诺加莱斯,索诺拉,Restaurant Xiang Long,墨西哥索诺拉诺加莱斯 Lomas de Anza,ChIJFYtSZqBS0YYRsNFSM7yW8yI,https://www.google.com/maps/place/?q=place_id:ChIJFYtSZqBS0YYRsNFSM7yW8yI,pinyin
